Model,MSE,RMSE,MAE,R^2
Neural Network,546476287252.2703,739240.344713592,601664.1306679643,0.7598912647079811
